Timestamp (ms), Piezo Value,Label
0,69, empty
53,65, empty
106,68, empty
160,68, empty
214,65, empty
268,66, empty
322,71, empty
376,67, empty
430,66, empty
484,70, empty
538,70, empty
592,65, empty
646,69, empty
700,71, empty
754,66, empty
808,67, empty
862,70, empty
916,67, empty
970,66, empty
1024,70, empty
1079,69, empty
1134,67, empty
1189,64, empty
1244,71, empty
1299,71, empty
1354,67, empty
1409,67, empty
1464,71, empty
1519,70, empty
1574,66, empty
1632,66, empty
1687,66, empty
1742,72, empty
1797,68, empty
1852,61, empty
1907,69, empty
1962,71, empty
2017,69, empty
2072,66, empty
2127,68, empty
2182,72, empty
2237,70, empty
2292,66, empty
2347,68, empty
2402,71, empty
2457,68, empty
2512,66, empty
2567,71, empty
2622,71, empty
2677,70, empty
2732,67, empty
2787,70, empty
2842,72, empty
2897,74, empty
2952,68, empty
3007,70, empty
3062,72, empty
3117,69, empty
3172,69, empty
3227,70, empty
3285,68, empty
3340,71, empty
3395,68, empty
3450,67, empty
3505,72, empty
3560,71, empty
3615,69, empty
3670,68, empty
3725,72, empty
3780,71, empty
3835,68, empty
3890,69, empty
3945,72, empty
4000,72, empty
4055,68, empty
4110,67, empty
4165,71, empty
4220,71, empty
4275,67, empty
4330,68, empty
4385,70, empty
4440,72, empty
4495,64, empty
4550,68, empty
4605,70, empty
4660,71, empty
4715,64, empty
4770,69, empty
4825,71, empty
4880,72, empty
4938,68, empty
4993,66, empty
5048,71, empty
5103,73, empty
5158,71, empty
5213,68, empty
5268,72, empty
5323,73, empty
5378,70, empty
5433,78, empty
5488,71, empty
5543,68, empty
5598,69, empty
5653,68, empty
5708,70, empty
5763,74, empty
5818,71, empty
5873,70, empty
5928,70, empty
5983,73, empty
6038,71, empty
6093,69, empty
6148,73, empty
6203,75, empty
6258,70, empty
6313,70, empty
6368,48, empty
6423,75, empty
6478,71, empty
6533,69, empty
6588,73, empty
6646,74, empty
6701,73, empty
6756,70, empty
6811,70, empty
6866,70, empty
6921,74, empty
6976,71, empty
7031,71, empty
7086,74, empty
7141,74, empty
7196,71, empty
7251,72, empty
7306,76, empty
7361,75, empty
7416,71, empty
7471,79, empty
7526,75, empty
7581,78, empty
7636,72, empty
7691,69, empty
7746,75, empty
7801,74, empty
7856,68, empty
7911,73, empty
7966,75, empty
8021,79, empty
8076,71, empty
8131,72, empty
8186,76, empty
8241,74, empty
8299,72, empty
8354,70, empty
8409,72, empty
8464,76, empty
8519,73, empty
8574,71, empty
8629,74, empty
8684,80, empty
8739,74, empty
8794,71, empty
8849,74, empty
8904,77, empty
8959,73, empty
9014,74, empty
9069,73, empty
9124,76, empty
9179,74, empty
9234,71, empty
9289,74, empty
9344,76, empty
9399,73, empty
9454,71, empty
9509,74, empty
9564,70, empty
9619,74, empty
9674,71, empty
9729,75, empty
9784,77, empty
9839,74, empty
9894,71, empty
9952,73, empty
10007,78, empty
10063,76, empty
10119,73, empty
10175,72, empty
10231,75, empty
10287,75, empty
10343,74, empty
10399,68, empty
10455,71, empty
10511,74, empty
10567,76, empty
10623,76, empty
10679,74, empty
10735,72, empty
10791,74, empty
10847,77, empty
10903,76, empty
10959,77, empty
11015,72, empty
11071,85, empty
11127,76, empty
11183,77, empty
11239,74, empty
11295,72, empty
11351,76, empty
11407,76, empty
11463,75, empty
11522,76, empty
11578,75, empty
11634,72, empty
11690,75, empty
11746,77, empty
11802,77, empty
11858,73, empty
11914,73, empty
11970,75, empty
12026,78, empty
12082,76, empty
12138,72, empty
12194,74, empty
12250,81, empty
12306,77, empty
12362,77, empty
12418,73, empty
12474,75, empty
12530,77, empty
12586,78, empty
12642,76, empty
12698,76, empty
12754,74, empty
12810,76, empty
12866,78, empty
12922,75, empty
12978,74, empty
13034,74, empty
13090,77, empty
13149,78, empty
13205,80, empty
13261,75, empty
13317,74, empty
13373,75, empty
13429,78, empty
13485,78, empty
13541,77, empty
13597,75, empty
13653,75, empty
13709,80, empty
13765,80, empty
13821,76, empty
13877,74, empty
13933,75, empty
13989,78, empty
14045,80, empty
14101,76, empty
14157,74, empty
14213,75, empty
14269,78, empty
14325,78, empty
14381,76, empty
14437,75, empty
14493,75, empty
14549,77, empty
14605,83, empty
14661,76, empty
14720,76, empty
14776,76, empty
14832,76, empty
14888,79, empty
14944,79, empty
15000,75, empty
15056,74, empty
15112,77, empty
15168,79, empty
15224,79, empty
15280,75, empty
15336,74, empty
15392,77, empty
15448,80, empty
15504,101, empty
15561,77, empty
15617,73, empty
15673,77, empty
15729,78, empty
15785,81, empty
15841,69, empty
15897,75, empty
15953,77, empty
16009,80, empty
16065,80, empty
16121,78, empty
16177,66, empty
16233,76, empty
16289,79, empty
16348,78, empty
16404,75, empty
16460,75, empty
16516,73, empty
16572,77, empty
16628,80, empty
16684,78, empty
16740,75, empty
16796,74, empty
16852,77, empty
16908,78, empty
16964,78, empty
17020,76, empty
17076,73, empty
17132,78, empty
17188,79, empty
17244,78, empty
17300,68, empty
17356,71, empty
17412,76, empty
17468,79, empty
17524,76, empty
17580,75, empty
17636,75, empty
17692,77, empty
17748,79, empty
17804,79, empty
17860,74, empty
17919,62, empty
17975,75, empty
18031,78, empty
18087,80, empty
18143,78, empty
18199,74, empty
18255,76, empty
18311,74, empty
18367,84, empty
18423,79, empty
18479,75, empty
18535,65, empty
18591,76, empty
18647,81, empty
18703,78, empty
18759,76, empty
18815,77, empty
18871,79, empty
18927,79, empty
18983,79, empty
19039,75, empty
19095,76, empty
19151,79, empty
19207,69, empty
19263,79, empty
19319,75, empty
19375,76, empty
19431,79, empty
19487,79, empty
19541,76, empty
19597,74, empty
19653,77, empty
19709,78, empty
19765,80, empty
19821,77, empty
19877,75, empty
19933,79, empty
19989,79, empty
20045,79, empty
20101,76, empty
20157,76, empty
20213,77, empty
20269,82, empty
20325,81, empty
20381,77, empty
20437,76, empty
20493,79, empty
20549,80, empty
20605,80, empty
20661,75, empty
20717,75, empty
20773,78, empty
20829,80, empty
20885,81, empty
20941,76, empty
20997,76, empty
21053,77, empty
21112,79, empty
21168,81, empty
21224,78, empty
21280,77, empty
21336,76, empty
21392,79, empty
21448,84, empty
21504,80, empty
21560,77, empty
21616,76, empty
21672,79, empty
21728,86, empty
21784,83, empty
21840,77, empty
21896,78, empty
21952,79, empty
22008,85, empty
22064,82, empty
22120,106, empty
22177,77, empty
22233,79, empty
22289,81, empty
22345,82, empty
22401,79, empty
22457,76, empty
22513,78, empty
22569,81, empty
22625,81, empty
22684,81, empty
22740,54, empty
22796,76, empty
22852,79, empty
22908,87, empty
22964,80, empty
23020,78, empty
23076,76, empty
23132,77, empty
23188,82, empty
23244,81, empty
23300,78, empty
23356,77, empty
23412,80, empty
23468,82, empty
23524,82, empty
23580,78, empty
23636,77, empty
23692,80, empty
23748,82, empty
23804,81, empty
23860,78, empty
23916,80, empty
23972,79, empty
24028,82, empty
24084,83, empty
24140,79, empty
24196,77, empty
24252,80, empty
24311,81, empty
24367,79, empty
24423,82, empty
24479,78, empty
24535,78, empty
24591,80, empty
24647,59, empty
24703,82, empty
24759,78, empty
24815,78, empty
24871,81, empty
24927,82, empty
24983,80, empty
25039,77, empty
25095,78, empty
25151,80, empty
25207,81, empty
25263,81, empty
25319,79, empty
25375,79, empty
25431,82, empty
25487,82, empty
25543,82, empty
25599,78, empty
25655,78, empty
25711,82, empty
25767,83, empty
25823,82, empty
25882,82, empty
25938,78, empty
25994,78, empty
26050,82, empty
26106,84, empty
26162,80, empty
26218,78, empty
26274,82, empty
26330,82, empty
26386,83, empty
26442,81, empty
26498,79, empty
26554,79, empty
26610,82, empty
26666,84, empty
26722,82, empty
26778,85, empty
26834,79, empty
26890,83, empty
26946,83, empty
27002,83, empty
27058,79, empty
27114,79, empty
27170,83, empty
27226,82, empty
27282,82, empty
27338,80, empty
27394,90, empty
27450,83, empty
27509,83, empty
27565,84, empty
27621,81, empty
27677,78, empty
27733,80, empty
27789,82, empty
27845,77, empty
27901,80, empty
27957,80, empty
28013,80, empty
28069,82, empty
28125,84, empty
28181,82, empty
28237,79, empty
28293,81, empty
28349,83, empty
28405,84, empty
28461,82, empty
28517,80, empty
28573,80, empty
28629,84, empty
28685,99, empty
28741,82, empty
28797,79, empty
28853,83, empty
28909,84, empty
28965,84, empty
29021,81, empty
29080,82, empty
29136,79, empty
29192,81, empty
29248,83, empty
29304,84, empty
29360,86, empty
29416,79, empty
29472,81, empty
29528,85, empty
29584,84, empty
29640,82, empty
29696,79, empty
29752,82, empty
29808,84, empty
29864,84, empty
29920,82, empty
29976,80, empty
0,139, empty
54,140, empty
108,137, empty
163,140, empty
218,141, empty
273,140, empty
328,136, empty
383,138, empty
438,141, empty
493,140, empty
548,138, empty
603,138, empty
658,140, empty
713,141, empty
768,131, empty
823,139, empty
878,139, empty
933,145, empty
988,142, empty
1043,138, empty
1099,126, empty
1155,94, empty
1210,0, sitting
1264,0, sitting
1318,0, sitting
1372,0, sitting
1426,0, sitting
1480,0, sitting
1534,89, empty
1592,266, sitting
1648,303, sitting
1704,294, sitting
1760,295, sitting
1816,353, sitting
1872,451, sitting
1928,482, sitting
1984,515, sitting
2040,538, sitting
2096,514, sitting
2152,485, sitting
2280,421, sitting
2336,389, sitting
2392,358, sitting
2448,344, sitting
2504,349, sitting
2560,395, sitting
2616,417, sitting
2672,442, sitting
2728,457, sitting
2784,456, sitting
2840,456, sitting
2896,477, sitting
2952,483, sitting
3008,479, sitting
3064,484, sitting
3123,488, sitting
3179,492, sitting
3235,500, sitting
3291,502, sitting
3347,498, sitting
3403,497, sitting
3459,503, sitting
3515,506, sitting
3571,503, sitting
3627,499, sitting
3683,500, sitting
3739,506, sitting
3795,504, sitting
3851,501, sitting
3907,501, sitting
3963,505, sitting
4019,506, sitting
4075,493, sitting
4131,497, sitting
4187,493, sitting
4243,480, sitting
4299,479, sitting
4355,478, sitting
4411,486, sitting
4467,487, sitting
4523,481, sitting
4582,483, sitting
4638,489, sitting
4694,492, sitting
4750,487, sitting
4806,479, sitting
4862,479, sitting
4918,473, sitting
4974,474, sitting
5030,471, sitting
5086,468, sitting
5142,473, sitting
5198,483, sitting
5254,480, sitting
5310,481, sitting
5366,479, sitting
5422,481, sitting
5478,481, sitting
5534,463, sitting
5590,491, sitting
5646,463, sitting
5702,463, sitting
5758,468, sitting
5814,466, sitting
5870,468, sitting
5926,462, sitting
5985,447, sitting
6041,440, sitting
6097,447, sitting
6153,436, sitting
6209,421, sitting
6265,424, sitting
6321,412, sitting
6377,415, sitting
6433,415, sitting
6489,404, sitting
6545,394, sitting
6601,415, sitting
6657,425, sitting
6713,420, sitting
6769,413, sitting
6825,406, sitting
6881,422, sitting
6937,438, sitting
6993,436, sitting
7049,436, sitting
7105,452, sitting
7161,459, sitting
7217,445, sitting
7273,441, sitting
7329,449, sitting
7385,454, sitting
7444,456, sitting
7500,459, sitting
7556,468, sitting
7612,474, sitting
7668,471, sitting
7724,469, sitting
7780,460, sitting
7836,458, sitting
7892,474, sitting
7948,482, sitting
8004,484, sitting
8060,484, sitting
8116,492, sitting
8172,510, sitting
8228,520, sitting
8284,539, sitting
8340,574, sitting
8396,600, sitting
8452,648, sitting
8508,640, sitting
8564,627, sitting
8620,644, sitting
8676,659, sitting
8732,664, sitting
8788,656, sitting
8847,656, sitting
8903,653, sitting
8959,648, sitting
9015,645, sitting
9071,637, sitting
9127,627, sitting
9183,618, sitting
9239,618, sitting
9295,594, sitting
9351,600, sitting
9407,613, sitting
9463,612, sitting
9519,608, sitting
9575,607, sitting
9631,601, sitting
9687,595, sitting
9743,589, sitting
9799,587, sitting
9855,585, sitting
9911,584, sitting
9967,578, sitting
10023,581, sitting
10080,584, sitting
10137,583, sitting
10194,583, sitting
10251,583, sitting
10311,578, sitting
10368,573, sitting
10425,561, sitting
10482,567, sitting
10539,566, sitting
10596,566, sitting
10653,564, sitting
10710,565, sitting
10767,558, sitting
10824,553, sitting
10881,549, sitting
10938,553, sitting
10995,553, sitting
11052,551, sitting
11109,550, sitting
11166,548, sitting
11223,540, sitting
11280,544, sitting
11337,545, sitting
11394,540, sitting
11451,542, sitting
11508,539, sitting
11565,535, sitting
11622,529, sitting
11682,534, sitting
11739,532, sitting
11796,530, sitting
11853,535, sitting
11910,531, sitting
11967,527, sitting
12024,523, sitting
12081,523, sitting
12138,524, sitting
12195,525, sitting
12252,525, sitting
12309,523, sitting
12366,542, sitting
12423,516, sitting
12480,513, sitting
12537,515, sitting
12594,519, sitting
12651,515, sitting
12708,515, sitting
12765,509, sitting
12822,508, sitting
12879,509, sitting
12936,508, sitting
12993,509, sitting
13050,504, sitting
13105,503, sitting
13162,485, sitting
13219,477, sitting
13276,482, sitting
13333,502, sitting
13390,532, sitting
13447,512, sitting
13504,476, sitting
13561,492, sitting
13618,507, sitting
13675,490, sitting
13732,461, sitting
13789,472, sitting
13846,476, sitting
13903,484, sitting
13960,505, sitting
14017,510, sitting
14074,477, sitting
14131,449, sitting
14188,485, sitting
14245,504, sitting
14302,502, sitting
14359,511, sitting
14416,440, sitting
14476,417, sitting
14533,452, sitting
14590,449, sitting
14647,455, sitting
14704,506, sitting
14761,518, sitting
14818,500, sitting
14875,449, sitting
14932,394, sitting
14989,449, sitting
15046,495, sitting
15103,483, sitting
15160,498, sitting
15217,507, sitting
15274,414, sitting
15331,358, sitting
15388,461, sitting
15445,486, sitting
15502,470, sitting
15559,458, sitting
15616,419, sitting
15673,440, sitting
15730,418, sitting
15787,418, sitting
15847,451, sitting
15904,464, sitting
15961,458, sitting
16018,426, sitting
16075,408, sitting
16132,408, sitting
16189,408, sitting
16246,441, sitting
16303,509, sitting
16360,485, sitting
16417,384, sitting
16474,379, sitting
16531,462, sitting
16588,484, sitting
16645,480, sitting
16702,443, sitting
16759,357, sitting
16816,399, sitting
16873,440, sitting
16930,448, sitting
16987,465, sitting
17044,484, sitting
17101,400, sitting
17158,353, sitting
17215,407, sitting
17275,427, sitting
17332,415, sitting
17389,457, sitting
17446,471, sitting
17503,429, sitting
17560,377, sitting
17617,393, sitting
17674,389, sitting
17731,462, sitting
17788,451, sitting
17845,422, sitting
17902,434, sitting
17959,446, sitting
18016,410, sitting
18073,421, sitting
18130,416, sitting
18187,395, sitting
18244,384, sitting
18301,416, sitting
18358,419, sitting
18415,431, sitting
18472,442, sitting
18529,458, sitting
18586,408, sitting
18646,327, sitting
18703,374, sitting
18760,420, sitting
18817,436, sitting
18874,424, sitting
18931,376, sitting
18988,341, sitting
19045,379, sitting
19102,391, sitting
19159,394, sitting
19216,398, sitting
19273,414, sitting
19330,429, sitting
19387,391, sitting
19444,379, sitting
19501,414, sitting
19558,417, sitting
19615,416, sitting
19672,446, sitting
19729,397, sitting
19786,345, sitting
19843,375, sitting
19900,412, sitting
19957,413, sitting
20017,407, sitting
20074,401, sitting
20131,390, sitting
20188,394, sitting
20245,382, sitting
20302,377, sitting
20359,385, sitting
20416,382, sitting
20473,379, sitting
20530,374, sitting
20587,375, sitting
20644,374, sitting
20701,381, sitting
20758,393, sitting
20815,405, sitting
20872,397, sitting
20929,383, sitting
20986,361, sitting
21043,389, sitting
21100,399, sitting
21157,375, sitting
21214,379, sitting
21271,394, sitting
21328,380, sitting
21385,377, sitting
21445,381, sitting
21502,378, sitting
21559,379, sitting
21616,385, sitting
21673,388, sitting
21730,391, sitting
21787,386, sitting
21844,387, sitting
21901,380, sitting
21958,380, sitting
22015,389, sitting
22072,385, sitting
22129,381, sitting
22186,378, sitting
22243,374, sitting
22300,375, sitting
22357,384, sitting
22414,388, sitting
22471,381, sitting
22528,381, sitting
22585,377, sitting
22642,372, sitting
22699,378, sitting
22756,409, sitting
22816,413, sitting
22873,417, sitting
22930,397, sitting
22987,405, sitting
23044,403, sitting
23101,392, sitting
23158,381, sitting
23215,373, sitting
23272,362, sitting
23329,347, sitting
23386,339, sitting
23443,350, sitting
23500,361, sitting
23557,389, sitting
23614,408, sitting
23671,423, sitting
23728,452, sitting
23785,459, sitting
23842,462, sitting
23899,457, sitting
23956,457, sitting
24013,456, sitting
24070,450, sitting
24127,441, sitting
24184,440, sitting
24244,456, sitting
24301,467, sitting
24358,461, sitting
24415,459, sitting
24472,450, sitting
24529,417, sitting
24586,391, sitting
24643,385, sitting
24700,383, sitting
24757,386, sitting
24814,403, sitting
24871,416, sitting
24928,423, sitting
24985,434, sitting
25042,454, sitting
25099,492, sitting
25156,518, sitting
25213,528, sitting
25270,513, sitting
25327,504, sitting
25384,499, sitting
25441,468, sitting
25498,450, sitting
25555,455, sitting
25615,455, sitting
25672,447, sitting
25729,445, sitting
25786,443, sitting
25843,434, sitting
25900,427, sitting
25957,424, sitting
26014,427, sitting
26071,429, sitting
26128,432, sitting
26185,435, sitting
26242,432, sitting
26299,430, sitting
26356,419, sitting
26413,414, sitting
26470,399, sitting
26527,423, sitting
26584,442, sitting
26641,444, sitting
26698,432, sitting
26755,428, sitting
26812,416, sitting
26869,394, sitting
26926,473, sitting
26986,738, sitting
27043,938, sitting
27100,1009, sitting
27158,1003, sitting
27216,961, sitting
27273,898, sitting
27330,828, sitting
27387,759, sitting
27444,672, sitting
27501,562, sitting
27558,503, sitting
27615,496, sitting
27672,545, sitting
27729,668, sitting
27786,853, sitting
27843,1023, sitting
27901,1023, sitting
27959,1023, sitting
28017,1023, sitting
28075,1007, sitting
28133,834, sitting
28190,582, sitting
28247,442, sitting
28304,412, sitting
28364,306, sitting
28421,138, empty
28478,46, empty
28534,39, empty
28590,45, empty
28646,18, empty
28702,4, empty
28757,27, empty
28813,85, empty
28869,140, empty
28926,177, sitting
28983,175, sitting
29040,183, sitting
29097,199, sitting
29154,225, sitting
29211,236, sitting
29268,246, sitting
29325,251, sitting
29382,254, sitting
29439,250, sitting
29496,249, sitting
29553,233, sitting
29610,210, sitting
29667,191, sitting
29724,186, sitting
29781,192, sitting
29841,200, sitting
29898,216, sitting
29955,214, sitting
0,105, empty
53,101, empty
107,105, empty
162,106, empty
217,102, empty
272,103, empty
327,106, empty
382,105, empty
437,110, empty
492,100, empty
547,106, empty
602,106, empty
657,100, empty
712,102, empty
767,106, empty
822,106, empty
877,101, empty
932,103, empty
987,106, empty
1042,104, empty
1098,102, empty
1154,102, empty
1210,105, empty
1266,107, empty
1322,109, empty
1378,101, empty
1434,102, empty
1490,106, empty
1546,106, empty
1605,105, empty
1661,100, empty
1717,102, empty
1773,105, empty
1829,113, empty
1885,105, empty
1941,111, empty
1997,103, empty
2053,104, empty
2109,106, empty
2165,106, empty
2221,103, empty
2277,102, empty
2333,103, empty
2389,107, empty
2445,105, empty
2501,103, empty
2557,102, empty
2613,105, empty
2669,106, empty
2725,98, empty
2780,101, empty
2836,104, empty
2892,105, empty
2948,106, empty
3004,103, empty
3060,102, empty
3116,104, empty
3175,105, empty
3231,107, empty
3287,105, empty
3343,102, empty
3399,102, empty
3455,107, empty
3511,106, empty
3567,105, empty
3623,104, empty
3679,102, empty
3735,105, empty
3791,106, empty
3847,106, empty
3903,102, empty
3959,104, empty
4015,104, empty
4071,106, empty
4127,104, empty
4183,103, empty
4239,105, empty
4295,108, empty
4351,105, empty
4407,102, empty
4463,102, empty
4519,106, empty
4575,108, empty
4631,107, empty
4687,104, empty
4743,102, empty
4797,107, empty
4853,105, empty
4909,101, empty
4965,102, empty
5021,105, empty
5077,106, empty
5133,106, empty
5189,104, empty
5245,102, empty
5301,105, empty
5357,98, empty
5412,111, empty
5468,102, empty
5524,99, empty
5579,106, empty
5635,107, empty
5691,105, empty
5747,102, empty
5803,104, empty
5859,106, empty
5915,106, empty
5971,104, empty
6027,98, empty
6082,104, empty
6138,106, empty
6194,105, empty
6250,103, empty
6306,103, empty
6365,106, empty
6421,105, empty
6477,107, empty
6533,104, empty
6589,105, empty
6645,98, empty
6700,106, empty
6756,106, empty
6812,103, empty
6868,101, empty
6924,105, empty
6980,106, empty
7036,107, empty
7092,103, empty
7148,102, empty
7204,105, empty
7260,107, empty
7316,106, empty
7372,102, empty
7428,102, empty
7484,105, empty
7540,106, empty
7596,106, empty
7652,105, empty
7708,103, empty
7764,106, empty
7820,107, empty
7876,105, empty
7932,103, empty
7991,104, empty
8047,105, empty
8103,107, empty
8159,107, empty
8215,103, empty
8271,102, empty
8327,105, empty
8383,105, empty
8439,106, empty
8495,103, empty
8551,103, empty
8607,106, empty
8663,107, empty
8719,105, empty
8775,103, empty
8831,96, empty
8886,105, empty
8942,108, empty
8998,105, empty
9054,103, empty
9110,104, empty
9166,106, empty
9222,106, empty
9278,105, empty
9334,101, empty
9390,110, empty
9446,107, empty
9502,107, empty
9561,106, empty
9617,104, empty
9673,102, empty
9729,106, empty
9785,106, empty
9841,106, empty
9897,103, empty
9953,103, empty
10009,105, empty
10066,107, empty
10123,107, empty
10180,104, empty
10237,103, empty
10294,103, empty
10351,104, empty
10408,106, empty
10465,107, empty
10522,106, empty
10579,107, empty
10636,103, empty
10693,103, empty
10750,105, empty
10807,108, empty
10864,107, empty
10921,104, empty
10978,102, empty
11035,103, empty
11092,105, empty
11147,107, empty
11204,106, empty
11261,103, empty
11318,102, empty
11375,111, empty
11432,105, empty
11489,106, empty
11546,106, empty
11603,105, empty
11660,104, empty
11717,102, empty
11774,105, empty
11831,105, empty
11888,108, empty
11945,106, empty
12002,103, empty
12059,102, empty
12116,104, empty
12173,102, empty
12230,99, empty
12286,107, empty
12343,104, empty
12400,104, empty
12457,103, empty
12514,106, empty
12571,107, empty
12628,107, empty
12683,107, empty
12740,103, empty
12797,103, empty
12854,107, empty
12911,107, empty
12968,107, empty
13025,105, empty
13082,103, empty
13139,103, empty
13196,104, empty
13253,106, empty
13310,107, empty
13367,106, empty
13424,105, empty
13481,102, empty
13538,105, empty
13595,107, empty
13652,108, empty
13709,116, empty
13766,104, empty
13823,103, empty
13880,104, empty
13937,106, empty
13994,106, empty
14051,105, empty
14108,105, empty
14168,104, empty
14225,102, empty
14282,104, empty
14339,106, empty
14396,104, empty
14453,107, empty
14510,106, empty
14567,104, empty
14624,100, empty
14681,104, empty
14738,105, empty
14795,107, empty
14852,106, empty
14909,105, empty
14966,103, empty
15023,103, empty
15080,105, empty
15137,106, empty
15194,107, empty
15251,106, empty
15308,103, empty
15365,103, empty
15422,105, empty
15479,106, empty
15536,107, empty
15593,106, empty
15650,103, empty
15710,104, empty
15767,103, empty
15824,103, empty
15881,105, empty
15938,107, empty
15995,106, empty
16052,106, empty
16109,102, empty
16166,99, empty
16222,106, empty
16279,107, empty
16336,107, empty
16393,105, empty
16450,104, empty
16507,100, empty
16564,104, empty
16621,106, empty
16678,109, empty
16735,106, empty
16792,104, empty
16849,104, empty
16906,104, empty
16963,106, empty
17020,107, empty
17077,107, empty
17134,106, empty
17191,103, empty
17251,103, empty
17308,103, empty
17365,106, empty
17422,107, empty
17479,111, empty
17536,98, empty
17592,103, empty
17649,103, empty
17706,105, empty
17763,106, empty
17820,107, empty
17877,106, empty
17934,103, empty
17991,102, empty
18048,104, empty
18105,106, empty
18162,107, empty
18219,106, empty
18276,104, empty
18333,105, empty
18390,103, empty
18447,106, empty
18504,107, empty
18561,107, empty
18618,105, empty
18675,103, empty
18732,103, empty
18792,103, empty
18849,105, empty
18906,107, empty
18963,106, empty
19020,107, empty
19077,104, empty
19134,103, empty
19191,104, empty
19248,106, empty
19305,107, empty
19362,100, empty
19419,104, empty
19476,103, empty
19533,104, empty
19590,105, empty
19647,106, empty
19704,108, empty
19761,105, empty
19818,108, empty
19875,103, empty
19932,105, empty
19989,105, empty
20046,108, empty
20103,107, empty
20160,105, empty
20217,103, empty
20274,103, empty
20334,103, empty
20391,105, empty
20448,107, empty
20505,107, empty
20562,105, empty
20619,104, empty
20676,103, empty
20733,126, empty
20790,106, empty
20847,107, empty
20904,107, empty
20961,104, empty
21018,102, empty
21075,104, empty
21132,103, empty
21189,104, empty
21246,107, empty
21303,105, empty
21360,105, empty
21417,102, empty
21474,107, empty
21531,100, empty
21588,107, empty
21645,106, empty
21702,103, empty
21759,105, empty
21816,104, empty
21876,104, empty
21933,107, empty
21990,107, empty
22047,107, empty
22104,105, empty
22161,103, empty
22218,104, empty
22275,105, empty
22332,107, empty
22389,108, empty
22446,107, empty
22503,104, empty
22560,103, empty
22617,105, empty
22674,106, empty
22731,108, empty
22788,106, empty
22845,105, empty
22902,103, empty
22959,104, empty
23016,107, empty
23073,106, empty
23130,108, empty
23187,105, empty
23244,102, empty
23301,97, empty
23357,105, empty
23417,106, empty
23474,107, empty
23531,107, empty
23588,106, empty
23645,103, empty
23702,103, empty
23759,105, empty
23816,106, empty
23873,107, empty
23930,107, empty
23987,105, empty
24044,102, empty
24101,103, empty
24158,105, empty
24215,103, empty
24272,108, empty
24329,106, empty
24386,104, empty
24443,104, empty
24500,105, empty
24557,108, empty
24614,109, empty
24671,107, empty
24728,103, empty
24785,102, empty
24842,104, empty
24899,107, empty
24959,107, empty
25016,107, empty
25073,107, empty
25130,105, empty
25187,104, empty
25244,103, empty
25301,104, empty
25358,109, empty
25415,107, empty
25472,102, empty
25529,104, empty
25586,103, empty
25643,104, empty
25700,106, empty
25757,106, empty
25814,107, empty
25871,105, empty
25928,104, empty
25985,104, empty
26042,105, empty
26099,107, empty
26156,107, empty
26213,106, empty
26270,104, empty
26327,104, empty
26384,105, empty
26441,105, empty
26501,106, empty
26558,108, empty
26615,106, empty
26672,105, empty
26729,103, empty
26786,103, empty
26843,106, empty
26900,107, empty
26957,107, empty
27014,107, empty
27071,99, empty
27127,102, empty
27184,105, empty
27241,106, empty
27298,108, empty
27355,109, empty
27412,103, empty
27469,103, empty
27526,104, empty
27583,106, empty
27640,106, empty
27697,108, empty
27754,105, empty
27811,104, empty
27868,103, empty
27925,106, empty
27982,106, empty
28042,106, empty
28099,108, empty
28156,107, empty
28213,103, empty
28270,104, empty
28327,105, empty
28384,107, empty
28441,107, empty
28498,107, empty
28555,105, empty
28612,112, empty
28669,104, empty
28726,104, empty
28783,108, empty
28840,109, empty
28897,106, empty
28954,104, empty
29011,102, empty
29068,104, empty
29125,106, empty
29182,108, empty
29239,107, empty
29296,104, empty
29353,103, empty
29410,103, empty
29467,105, empty
29524,106, empty
29584,118, empty
29641,106, empty
29698,107, empty
29755,104, empty
29812,104, empty
29869,104, empty
29926,108, empty
29983,109, empty
0,13, empty
53,17, empty
106,17, empty
160,14, empty
214,18, empty
268,16, empty
322,13, empty
376,18, empty
430,18, empty
484,13, empty
538,16, empty
592,19, empty
646,15, empty
700,16, empty
754,18, empty
808,16, empty
862,14, empty
916,17, empty
970,17, empty
1024,15, empty
1079,17, empty
1134,19, empty
1189,17, empty
1244,16, empty
1299,17, empty
1354,19, empty
1409,17, empty
1464,11, empty
1519,24, empty
1574,26, empty
1632,23, empty
1687,3, empty
1741,0, sitting
1795,0, sitting
1849,154, sitting
1905,483, sitting
1961,296, sitting
2017,26, empty
2072,126, empty
2128,298, sitting
2184,398, sitting
2240,412, sitting
2296,408, sitting
2352,377, sitting
2408,359, sitting
2464,314, sitting
2520,326, sitting
2576,308, sitting
2632,323, sitting
2688,325, sitting
2744,361, sitting
2800,377, sitting
2856,373, sitting
2912,367, sitting
2968,353, sitting
3024,355, sitting
3080,365, sitting
3139,372, sitting
3195,373, sitting
3251,386, sitting
3307,380, sitting
3363,385, sitting
3419,386, sitting
3475,380, sitting
3531,379, sitting
3587,379, sitting
3643,391, sitting
3699,407, sitting
3755,422, sitting
3811,433, sitting
3867,424, sitting
3923,416, sitting
3979,409, sitting
4035,413, sitting
4091,450, sitting
4147,497, sitting
4203,532, sitting
4259,549, sitting
4315,550, sitting
4371,549, sitting
4427,546, sitting
4483,538, sitting
4542,518, sitting
4598,502, sitting
4654,495, sitting
4710,489, sitting
4766,491, sitting
4822,485, sitting
4878,480, sitting
4934,476, sitting
4990,474, sitting
5046,472, sitting
5102,466, sitting
5158,458, sitting
5214,453, sitting
5270,449, sitting
5326,448, sitting
5382,442, sitting
5438,438, sitting
5494,438, sitting
5550,439, sitting
5606,441, sitting
5662,438, sitting
5718,436, sitting
5774,435, sitting
5830,438, sitting
5886,436, sitting
5942,431, sitting
6001,426, sitting
6169,424, sitting
6225,423, sitting
6281,420, sitting
6337,420, sitting
6393,417, sitting
6449,418, sitting
6505,417, sitting
6561,413, sitting
6617,416, sitting
6673,420, sitting
6729,421, sitting
6785,418, sitting
6841,409, sitting
6897,402, sitting
6953,404, sitting
7009,404, sitting
7065,411, sitting
7121,413, sitting
7177,417, sitting
7233,420, sitting
7289,418, sitting
7345,417, sitting
7401,417, sitting
7457,414, sitting
7513,418, sitting
7572,410, sitting
7628,407, sitting
7684,402, sitting
7740,400, sitting
7796,406, sitting
7852,406, sitting
7908,403, sitting
7964,400, sitting
8020,399, sitting
8076,401, sitting
8132,397, sitting
8188,398, sitting
8244,392, sitting
8300,393, sitting
8356,395, sitting
8412,393, sitting
8468,392, sitting
8524,389, sitting
8580,395, sitting
8636,396, sitting
8692,397, sitting
8748,392, sitting
8804,392, sitting
8860,395, sitting
8916,395, sitting
8975,395, sitting
9031,404, sitting
9087,394, sitting
9143,395, sitting
9199,397, sitting
9255,396, sitting
9311,394, sitting
9367,392, sitting
9423,392, sitting
9479,395, sitting
9535,397, sitting
9591,393, sitting
9647,391, sitting
9703,390, sitting
9759,396, sitting
9815,395, sitting
9871,392, sitting
9927,391, sitting
9983,388, sitting
10039,391, sitting
10096,391, sitting
10153,390, sitting
10210,386, sitting
10267,384, sitting
10324,386, sitting
10381,387, sitting
10441,390, sitting
10498,389, sitting
10555,385, sitting
10612,384, sitting
10669,382, sitting
10726,383, sitting
10783,382, sitting
10840,370, sitting
10897,379, sitting
10954,373, sitting
11011,371, sitting
11068,372, sitting
11125,372, sitting
11182,373, sitting
11239,374, sitting
11296,370, sitting
11353,365, sitting
11410,364, sitting
11467,367, sitting
11524,365, sitting
11581,368, sitting
11638,367, sitting
11695,361, sitting
11752,362, sitting
11812,363, sitting
11869,365, sitting
11926,365, sitting
11983,367, sitting
12040,366, sitting
12097,364, sitting
12154,359, sitting
12211,362, sitting
12268,364, sitting
12325,365, sitting
12382,366, sitting
12439,361, sitting
12496,360, sitting
12553,358, sitting
12610,360, sitting
12667,362, sitting
12724,369, sitting
12781,360, sitting
12838,358, sitting
12895,359, sitting
12952,355, sitting
13009,358, sitting
13066,362, sitting
13123,364, sitting
13183,364, sitting
13240,366, sitting
13297,360, sitting
13354,364, sitting
13411,360, sitting
13468,364, sitting
13525,361, sitting
13582,360, sitting
13639,359, sitting
13696,359, sitting
13753,367, sitting
13810,366, sitting
13867,362, sitting
13924,360, sitting
13981,354, sitting
14038,342, sitting
14095,341, sitting
14152,352, sitting
14209,357, sitting
14266,355, sitting
14323,357, sitting
14380,354, sitting
14437,362, sitting
14494,368, sitting
14551,366, sitting
14611,360, sitting
14668,353, sitting
14725,341, sitting
14782,337, sitting
14839,343, sitting
14896,341, sitting
14953,346, sitting
15010,354, sitting
15067,351, sitting
15124,344, sitting
15181,350, sitting
15238,356, sitting
15295,346, sitting
15352,344, sitting
15409,351, sitting
15466,354, sitting
15523,333, sitting
15580,316, sitting
15637,331, sitting
15694,339, sitting
15751,331, sitting
15808,338, sitting
15865,329, sitting
15922,315, sitting
15982,319, sitting
16039,333, sitting
16096,332, sitting
16153,326, sitting
16210,321, sitting
16267,325, sitting
16324,320, sitting
16381,320, sitting
16438,327, sitting
16495,332, sitting
16552,330, sitting
16609,323, sitting
16666,319, sitting
16723,323, sitting
16780,322, sitting
16837,319, sitting
16894,317, sitting
16951,317, sitting
17008,312, sitting
17065,309, sitting
17122,314, sitting
17179,315, sitting
17236,313, sitting
17293,310, sitting
17353,311, sitting
17410,303, sitting
17467,304, sitting
17524,306, sitting
17581,313, sitting
17638,303, sitting
17695,312, sitting
17752,304, sitting
17809,300, sitting
17866,299, sitting
17923,302, sitting
17980,302, sitting
18037,303, sitting
18094,300, sitting
18151,291, sitting
18208,293, sitting
18265,300, sitting
18322,300, sitting
18379,299, sitting
18436,295, sitting
18493,297, sitting
18550,291, sitting
18607,296, sitting
18664,296, sitting
18721,293, sitting
18781,298, sitting
18838,295, sitting
18895,304, sitting
18952,286, sitting
19009,287, sitting
19066,289, sitting
19123,288, sitting
19180,291, sitting
19237,289, sitting
19294,284, sitting
19351,283, sitting
19408,290, sitting
19465,291, sitting
19522,289, sitting
19579,289, sitting
19636,285, sitting
19693,282, sitting
19750,287, sitting
19807,287, sitting
19864,287, sitting
19921,290, sitting
19978,281, sitting
20035,286, sitting
20092,288, sitting
20152,292, sitting
20209,294, sitting
20266,302, sitting
20323,306, sitting
20380,300, sitting
20437,296, sitting
20494,291, sitting
20551,290, sitting
20608,298, sitting
20665,303, sitting
20722,303, sitting
20779,302, sitting
20836,312, sitting
20893,304, sitting
20950,298, sitting
21007,300, sitting
21064,303, sitting
21121,300, sitting
21178,298, sitting
21235,302, sitting
21292,304, sitting
21349,305, sitting
21406,308, sitting
21463,299, sitting
21520,296, sitting
21580,297, sitting
21637,299, sitting
21694,301, sitting
21751,300, sitting
21808,299, sitting
21865,297, sitting
21922,295, sitting
21979,293, sitting
22036,297, sitting
22093,297, sitting
22150,315, sitting
22207,293, sitting
22264,292, sitting
22321,293, sitting
22378,292, sitting
22435,258, sitting
22492,298, sitting
22549,297, sitting
22606,296, sitting
22663,291, sitting
22720,287, sitting
22777,296, sitting
22834,296, sitting
22891,295, sitting
22951,296, sitting
23008,294, sitting
23065,290, sitting
23122,291, sitting
23179,296, sitting
23236,292, sitting
23293,292, sitting
23350,294, sitting
23407,291, sitting
23464,296, sitting
23521,295, sitting
23578,295, sitting
23635,296, sitting
23692,291, sitting
23749,292, sitting
23806,286, sitting
23863,289, sitting
23920,291, sitting
23977,293, sitting
24034,294, sitting
24091,287, sitting
24148,285, sitting
24205,288, sitting
24262,292, sitting
24322,291, sitting
24379,288, sitting
24436,289, sitting
24493,288, sitting
24550,286, sitting
24607,286, sitting
24664,287, sitting
24721,290, sitting
24778,288, sitting
24835,288, sitting
24892,285, sitting
24949,282, sitting
25006,283, sitting
25063,291, sitting
25120,293, sitting
25177,291, sitting
25234,292, sitting
25291,271, sitting
25348,288, sitting
25405,290, sitting
25462,289, sitting
25519,291, sitting
25576,288, sitting
25633,279, sitting
25690,271, sitting
25750,270, sitting
25807,275, sitting
25864,277, sitting
25921,272, sitting
25978,273, sitting
26035,272, sitting
26092,271, sitting
26149,267, sitting
26206,270, sitting
26263,273, sitting
26320,277, sitting
26377,270, sitting
26434,270, sitting
26491,274, sitting
26548,280, sitting
26605,280, sitting
26662,276, sitting
26719,272, sitting
26776,268, sitting
26833,263, sitting
26890,269, sitting
26947,269, sitting
27004,267, sitting
27061,258, sitting
27121,269, sitting
27178,264, sitting
27235,264, sitting
27292,263, sitting
27349,265, sitting
27406,260, sitting
27463,264, sitting
27520,260, sitting
27577,259, sitting
27634,257, sitting
27691,259, sitting
27748,263, sitting
27805,259, sitting
27862,255, sitting
27919,255, sitting
27976,253, sitting
28033,259, sitting
28090,266, sitting
28147,268, sitting
28204,265, sitting
28261,263, sitting
28318,259, sitting
28375,257, sitting
28432,257, sitting
28489,254, sitting
28544,276, sitting
28601,257, sitting
28658,254, sitting
28715,256, sitting
28772,260, sitting
28829,260, sitting
28886,256, sitting
28943,252, sitting
29000,253, sitting
29057,258, sitting
29114,251, sitting
29171,257, sitting
29228,257, sitting
29285,255, sitting
29342,252, sitting
29399,253, sitting
29456,259, sitting
29513,259, sitting
29570,257, sitting
29627,257, sitting
29684,256, sitting
29741,254, sitting
29798,257, sitting
29855,263, sitting
29915,263, sitting
29972,264, sitting
0,51, empty
53,48, empty
106,52, empty
160,51, empty
214,47, empty
268,51, empty
322,54, empty
376,55, empty
430,50, empty
484,52, empty
538,57, empty
592,48, empty
646,54, empty
700,50, empty
754,47, empty
808,52, empty
862,52, empty
916,47, empty
970,50, empty
1024,32, empty
1079,50, empty
1134,47, empty
1189,51, empty
1244,54, empty
1299,50, empty
1354,48, empty
1409,50, empty
1464,53, empty
1519,51, empty
1574,67, empty
1632,49, empty
1687,53, empty
1742,52, empty
1797,49, empty
1852,50, empty
1907,60, empty
1962,53, empty
2017,48, empty
2072,49, empty
2127,52, empty
2182,54, empty
2237,51, empty
2292,52, empty
2347,53, empty
2402,54, empty
2457,49, empty
2512,50, empty
2567,55, empty
2622,53, empty
2677,67, empty
2732,52, empty
2787,54, empty
2842,53, empty
2897,50, empty
2952,49, empty
3007,53, empty
3062,53, empty
3117,50, empty
3172,43, empty
3227,54, empty
3285,54, empty
3340,52, empty
3395,50, empty
3450,51, empty
3505,54, empty
3560,51, empty
3615,50, empty
3670,52, empty
3725,53, empty
3780,52, empty
3835,49, empty
3890,54, empty
3945,55, empty
4000,52, empty
4055,50, empty
4110,53, empty
4165,55, empty
4220,52, empty
4275,50, empty
4330,54, empty
4385,54, empty
4440,52, empty
4495,51, empty
4550,52, empty
4605,60, empty
4660,51, empty
4715,50, empty
4770,52, empty
4825,52, empty
4880,53, empty
4938,51, empty
4993,53, empty
5048,74, empty
5103,56, empty
5158,51, empty
5213,51, empty
5268,54, empty
5323,55, empty
5378,53, empty
5433,52, empty
5488,55, empty
5543,55, empty
5598,51, empty
5653,56, empty
5708,55, empty
5763,55, empty
5818,51, empty
5873,53, empty
5928,55, empty
5983,56, empty
6038,53, empty
6093,50, empty
6148,55, empty
6203,55, empty
6258,52, empty
6313,52, empty
6368,55, empty
6423,56, empty
6478,53, empty
6533,53, empty
6588,55, empty
6646,57, empty
6701,54, empty
6756,50, empty
6811,55, empty
6866,58, empty
6921,54, empty
6976,52, empty
7031,54, empty
7086,56, empty
7141,53, empty
7196,53, empty
7251,54, empty
7306,56, empty
7361,56, empty
7416,52, empty
7471,55, empty
7526,56, empty
7581,54, empty
7636,53, empty
7691,56, empty
7746,56, empty
7801,54, empty
7856,53, empty
7911,55, empty
7966,57, empty
8021,52, empty
8076,52, empty
8131,55, empty
8186,58, empty
8241,56, empty
8299,74, empty
8354,54, empty
8409,57, empty
8464,57, empty
8519,53, empty
8574,53, empty
8629,57, empty
8684,55, empty
8739,53, empty
8794,55, empty
8849,56, empty
8904,56, empty
8959,53, empty
9014,53, empty
9069,57, empty
9124,57, empty
9179,54, empty
9234,53, empty
9289,56, empty
9344,56, empty
9399,54, empty
9454,55, empty
9509,57, empty
9564,57, empty
9619,52, empty
9674,55, empty
9729,57, empty
9784,56, empty
9839,53, empty
9894,55, empty
9952,57, empty
10007,59, empty
10063,57, empty
10119,53, empty
10175,54, empty
10231,57, empty
10287,57, empty
10343,56, empty
10399,52, empty
10455,52, empty
10511,58, empty
10567,41, empty
10623,56, empty
10679,52, empty
10735,55, empty
10791,58, empty
10847,58, empty
10903,56, empty
10959,54, empty
11015,57, empty
11071,56, empty
11127,59, empty
11183,56, empty
11239,56, empty
11295,57, empty
11351,59, empty
11407,57, empty
11463,58, empty
11522,56, empty
11578,57, empty
11634,59, empty
11690,59, empty
11746,57, empty
11802,56, empty
11858,56, empty
11914,59, empty
11970,58, empty
12026,58, empty
12082,56, empty
12138,56, empty
12194,57, empty
12250,60, empty
12306,58, empty
12362,55, empty
12418,53, empty
12474,58, empty
12530,59, empty
12586,58, empty
12642,55, empty
12698,55, empty
12754,59, empty
12810,53, empty
12866,58, empty
12922,55, empty
12978,55, empty
13034,59, empty
13090,60, empty
13149,60, empty
13205,55, empty
13261,57, empty
13317,57, empty
13373,60, empty
13429,61, empty
13485,58, empty
13541,57, empty
13597,58, empty
13653,60, empty
13709,72, empty
13765,59, empty
13821,56, empty
13877,57, empty
13933,58, empty
13989,60, empty
14045,58, empty
14101,56, empty
14157,58, empty
14213,64, empty
14269,60, empty
14325,59, empty
14381,56, empty
14437,57, empty
14493,58, empty
14549,61, empty
14605,58, empty
14661,56, empty
14720,55, empty
14776,58, empty
14832,60, empty
14888,61, empty
14944,57, empty
15000,56, empty
15056,59, empty
15112,61, empty
15168,61, empty
15224,58, empty
15280,56, empty
15336,59, empty
15392,60, empty
15448,61, empty
15504,57, empty
15560,55, empty
15616,59, empty
15672,61, empty
15728,60, empty
15784,59, empty
15840,57, empty
15896,58, empty
15952,62, empty
16008,61, empty
16064,58, empty
16120,56, empty
16176,59, empty
16232,60, empty
16288,61, empty
16347,60, empty
16403,57, empty
16459,57, empty
16515,58, empty
16571,61, empty
16627,58, empty
16683,17, empty
16739,58, empty
16795,60, empty
16851,61, empty
16907,61, empty
16963,56, empty
17019,58, empty
17075,60, empty
17131,63, empty
17187,60, empty
17243,57, empty
17299,58, empty
17355,61, empty
17411,62, empty
17467,60, empty
17523,46, empty
17579,59, empty
17635,61, empty
17691,62, empty
17747,61, empty
17803,58, empty
17859,59, empty
17918,68, empty
17974,60, empty
18030,61, empty
18086,59, empty
18142,57, empty
18198,60, empty
18254,62, empty
18310,63, empty
18366,59, empty
18422,57, empty
18478,60, empty
18534,61, empty
18590,63, empty
18646,59, empty
18702,48, empty
18758,60, empty
18814,63, empty
18870,62, empty
18926,60, empty
18982,58, empty
19038,60, empty
19094,62, empty
19150,63, empty
19206,60, empty
19262,59, empty
19318,60, empty
19374,63, empty
19430,62, empty
19486,60, empty
19545,59, empty
19601,57, empty
19657,60, empty
19713,62, empty
19769,63, empty
19825,59, empty
19881,59, empty
19937,62, empty
19993,63, empty
20049,62, empty
20105,59, empty
20161,58, empty
20217,64, empty
20273,64, empty
20329,62, empty
20385,58, empty
20441,59, empty
20497,62, empty
20553,56, empty
20609,62, empty
20665,59, empty
20721,59, empty
20777,62, empty
20833,65, empty
20889,62, empty
20945,60, empty
21001,59, empty
21057,62, empty
21116,63, empty
21172,63, empty
21228,61, empty
21284,63, empty
21340,61, empty
21396,63, empty
21452,64, empty
21508,65, empty
21564,59, empty
21620,66, empty
21676,63, empty
21732,65, empty
21788,62, empty
21844,58, empty
21900,61, empty
21956,63, empty
22012,65, empty
22068,62, empty
22124,60, empty
22180,60, empty
22236,64, empty
22292,66, empty
22348,63, empty
22404,59, empty
22460,61, empty
22516,63, empty
22572,64, empty
22628,61, empty
22687,61, empty
22743,58, empty
22799,62, empty
22855,64, empty
22911,62, empty
22967,65, empty
23023,60, empty
23079,63, empty
23135,64, empty
23191,66, empty
23247,62, empty
23303,61, empty
23359,63, empty
23415,64, empty
23471,64, empty
23527,64, empty
23583,60, empty
23639,63, empty
23695,63, empty
23751,64, empty
23807,60, empty
23863,61, empty
23919,66, empty
23975,81, empty
24031,64, empty
24087,61, empty
24143,61, empty
24199,62, empty
24255,66, empty
24314,68, empty
24370,63, empty
24426,61, empty
24482,62, empty
24538,64, empty
24594,63, empty
24650,65, empty
24706,64, empty
24762,61, empty
24818,65, empty
24874,65, empty
24930,62, empty
24986,61, empty
25042,60, empty
25098,64, empty
25154,65, empty
25210,67, empty
25266,62, empty
25322,59, empty
25378,65, empty
25434,65, empty
25490,64, empty
25546,62, empty
25602,61, empty
25658,64, empty
25714,65, empty
25770,64, empty
25826,62, empty
25885,61, empty
25941,62, empty
25997,66, empty
26053,68, empty
26109,63, empty
26165,62, empty
26221,63, empty
26277,65, empty
26333,65, empty
26389,68, empty
26445,62, empty
26501,63, empty
26557,66, empty
26613,69, empty
26669,65, empty
26725,61, empty
26781,63, empty
26837,66, empty
26893,66, empty
26949,64, empty
27005,62, empty
27061,63, empty
27117,66, empty
27173,68, empty
27229,63, empty
27285,62, empty
27341,63, empty
27397,67, empty
27453,66, empty
27512,66, empty
27568,85, empty
27624,62, empty
27680,64, empty
27736,67, empty
27792,71, empty
27848,64, empty
27904,60, empty
27960,65, empty
28016,61, empty
28072,68, empty
28128,58, empty
28184,63, empty
28240,65, empty
28296,66, empty
28352,66, empty
28408,64, empty
28464,62, empty
28520,66, empty
28576,67, empty
28632,67, empty
28688,62, empty
28744,61, empty
28800,62, empty
28856,68, empty
28912,71, empty
28968,63, empty
29024,64, empty
29083,63, empty
29139,65, empty
29195,67, empty
29251,67, empty
29307,64, empty
29363,63, empty
29419,66, empty
29475,68, empty
29531,66, empty
29587,61, empty
29643,63, empty
29699,66, empty
29755,68, empty
29811,67, empty
29867,64, empty
29923,63, empty
29979,67, empty
0,118, empty
54,119, empty
108,115, empty
163,118, empty
218,120, empty
273,119, empty
328,116, empty
383,125, empty
438,119, empty
493,118, empty
548,113, empty
603,116, empty
658,120, empty
713,118, empty
768,113, empty
823,115, empty
878,119, empty
934,117, empty
989,114, empty
1044,114, empty
1100,121, empty
1157,122, empty
1214,100, empty
1271,0, sitting
1325,0, sitting
1379,0, sitting
1433,141, empty
1489,133, empty
1546,0, sitting
1603,0, sitting
1657,26, empty
1712,119, empty
1769,137, empty
1826,139, empty
1882,143, empty
1939,181, sitting
1995,187, sitting
2051,202, sitting
2107,269, sitting
2163,307, sitting
2219,339, sitting
2276,342, sitting
2332,331, sitting
2388,323, sitting
2444,316, sitting
2500,310, sitting
2556,345, sitting
2613,393, sitting
2670,437, sitting
2726,452, sitting
2782,464, sitting
2838,465, sitting
2894,454, sitting
2950,461, sitting
3006,463, sitting
3065,468, sitting
3121,486, sitting
3177,490, sitting
3233,479, sitting
3289,473, sitting
3345,470, sitting
3401,472, sitting
3457,472, sitting
3513,471, sitting
3569,475, sitting
3625,462, sitting
3681,460, sitting
3737,458, sitting
3793,455, sitting
3849,450, sitting
3906,448, sitting
3962,449, sitting
4018,451, sitting
4074,449, sitting
4130,446, sitting
4186,442, sitting
4242,434, sitting
4298,430, sitting
4354,429, sitting
4410,426, sitting
4466,426, sitting
4520,424, sitting
4576,426, sitting
4632,421, sitting
4688,418, sitting
4744,419, sitting
4800,424, sitting
4856,423, sitting
4912,420, sitting
4968,427, sitting
5024,415, sitting
5080,417, sitting
5136,419, sitting
5192,416, sitting
5248,416, sitting
5304,422, sitting
5360,426, sitting
5416,427, sitting
5472,426, sitting
5528,424, sitting
5584,419, sitting
5641,423, sitting
5698,424, sitting
5754,418, sitting
5810,412, sitting
5866,412, sitting
5925,413, sitting
5981,415, sitting
6037,417, sitting
6093,427, sitting
6150,416, sitting
6206,416, sitting
6262,422, sitting
6318,422, sitting
6374,422, sitting
6430,410, sitting
6486,403, sitting
6542,398, sitting
6598,392, sitting
6654,379, sitting
6710,352, sitting
6766,349, sitting
6822,375, sitting
6878,428, sitting
6934,443, sitting
6990,435, sitting
7046,408, sitting
7102,388, sitting
7158,377, sitting
7214,386, sitting
7271,377, sitting
7327,369, sitting
7386,381, sitting
7442,403, sitting
7498,420, sitting
7554,423, sitting
7610,410, sitting
7666,396, sitting
7722,385, sitting
7778,370, sitting
7834,343, sitting
7890,325, sitting
7946,326, sitting
8002,359, sitting
8058,404, sitting
8114,398, sitting
8170,371, sitting
8227,371, sitting
8283,372, sitting
8339,369, sitting
8395,377, sitting
8451,381, sitting
8507,380, sitting
8564,378, sitting
8620,377, sitting
8676,376, sitting
8732,365, sitting
8791,371, sitting
8847,370, sitting
8903,379, sitting
8959,383, sitting
9016,390, sitting
9072,392, sitting
9128,386, sitting
9184,383, sitting
9240,421, sitting
9296,436, sitting
9353,437, sitting
9410,451, sitting
9466,470, sitting
9522,483, sitting
9578,509, sitting
9635,529, sitting
9691,542, sitting
9747,560, sitting
9803,581, sitting
9859,596, sitting
9915,601, sitting
9972,595, sitting
10028,601, sitting
10085,603, sitting
10142,597, sitting
10200,590, sitting
10260,576, sitting
10317,568, sitting
10375,564, sitting
10432,567, sitting
10489,563, sitting
10547,570, sitting
10604,578, sitting
10662,585, sitting
10719,580, sitting
10776,576, sitting
10834,582, sitting
10891,573, sitting
10949,570, sitting
11006,560, sitting
11063,572, sitting
11121,580, sitting
11178,573, sitting
11236,558, sitting
11293,552, sitting
11351,551, sitting
11408,540, sitting
11465,542, sitting
11523,547, sitting
11580,546, sitting
11640,543, sitting
11698,547, sitting
11755,548, sitting
11812,545, sitting
11870,545, sitting
11928,543, sitting
11986,542, sitting
12044,539, sitting
12102,535, sitting
12160,537, sitting
12218,537, sitting
12276,533, sitting
12334,528, sitting
12391,521, sitting
12449,516, sitting
12506,518, sitting
12564,516, sitting
12621,518, sitting
12779,520, sitting
12836,515, sitting
12893,512, sitting
12951,509, sitting
13008,505, sitting
13065,506, sitting
13123,505, sitting
13178,508, sitting
13235,509, sitting
13293,506, sitting
13350,503, sitting
13407,498, sitting
13465,499, sitting
13522,500, sitting
13580,502, sitting
13637,500, sitting
13695,500, sitting
13752,501, sitting
13809,498, sitting
13867,494, sitting
13924,495, sitting
13982,498, sitting
14039,497, sitting
14096,499, sitting
14154,494, sitting
14211,494, sitting
14269,492, sitting
14326,493, sitting
14384,492, sitting
14441,498, sitting
14498,498, sitting
14558,498, sitting
14616,498, sitting
14673,491, sitting
14730,487, sitting
14788,491, sitting
14845,485, sitting
14903,479, sitting
14960,486, sitting
15018,485, sitting
15075,479, sitting
15132,478, sitting
15190,473, sitting
15247,472, sitting
15305,471, sitting
15362,476, sitting
15419,482, sitting
15477,482, sitting
15534,484, sitting
15592,478, sitting
15649,476, sitting
15707,475, sitting
15764,477, sitting
15821,481, sitting
15879,455, sitting
15939,484, sitting
15996,470, sitting
16054,483, sitting
16111,481, sitting
16168,477, sitting
16226,479, sitting
16283,482, sitting
16341,476, sitting
16398,475, sitting
16455,477, sitting
16513,472, sitting
16570,467, sitting
16628,467, sitting
16685,470, sitting
16742,469, sitting
16800,470, sitting
16857,476, sitting
16915,473, sitting
16972,472, sitting
17030,476, sitting
17087,471, sitting
17144,468, sitting
17202,472, sitting
17259,473, sitting
17317,473, sitting
17377,471, sitting
17434,475, sitting
17491,472, sitting
17549,468, sitting
17606,468, sitting
17664,478, sitting
17721,470, sitting
17778,475, sitting
17836,478, sitting
17893,475, sitting
17951,471, sitting
18008,469, sitting
18066,470, sitting
18123,469, sitting
18180,473, sitting
18238,474, sitting
18295,470, sitting
18353,470, sitting
18410,467, sitting
18467,468, sitting
18525,464, sitting
18582,468, sitting
18640,472, sitting
18697,470, sitting
18757,472, sitting
18814,469, sitting
18872,467, sitting
18929,467, sitting
18987,462, sitting
19044,460, sitting
19101,465, sitting
19159,466, sitting
19216,468, sitting
19274,470, sitting
19331,465, sitting
19389,463, sitting
19446,460, sitting
19503,461, sitting
19561,464, sitting
19618,464, sitting
19676,466, sitting
19733,466, sitting
19790,462, sitting
19848,468, sitting
19905,458, sitting
19963,459, sitting
20020,452, sitting
20077,461, sitting
20137,461, sitting
20195,467, sitting
20252,466, sitting
20310,460, sitting
20367,461, sitting
20424,457, sitting
20482,457, sitting
20539,461, sitting
20597,460, sitting
20654,461, sitting
20712,463, sitting
20769,457, sitting
20826,456, sitting
20884,457, sitting
20941,461, sitting
20999,460, sitting
21056,462, sitting
21113,461, sitting
21171,459, sitting
21228,457, sitting
21286,454, sitting
21343,453, sitting
21401,455, sitting
21458,455, sitting
21515,457, sitting
21575,460, sitting
21633,460, sitting
21690,458, sitting
21747,460, sitting
21805,449, sitting
21862,455, sitting
21920,456, sitting
21977,458, sitting
22035,459, sitting
22092,458, sitting
22149,457, sitting
22207,455, sitting
22264,454, sitting
22322,452, sitting
22379,455, sitting
22436,460, sitting
22494,471, sitting
22551,458, sitting
22609,457, sitting
22666,453, sitting
22724,449, sitting
22781,454, sitting
22838,455, sitting
22896,457, sitting
22956,456, sitting
23013,456, sitting
23071,456, sitting
23129,451, sitting
23187,451, sitting
23245,453, sitting
23303,449, sitting
23361,453, sitting
23419,456, sitting
23477,463, sitting
23535,457, sitting
23592,457, sitting
23650,455, sitting
23707,453, sitting
23764,450, sitting
23822,452, sitting
23879,455, sitting
23937,457, sitting
23994,455, sitting
24052,457, sitting
24109,426, sitting
24166,450, sitting
24224,450, sitting
24281,449, sitting
24339,452, sitting
24399,451, sitting
24456,455, sitting
24513,453, sitting
24571,452, sitting
24628,450, sitting
24686,445, sitting
24743,443, sitting
24800,446, sitting
24858,451, sitting
24915,451, sitting
24973,452, sitting
25030,452, sitting
25087,448, sitting
25145,447, sitting
25202,445, sitting
25260,448, sitting
25317,449, sitting
25375,451, sitting
25432,449, sitting
25489,445, sitting
25547,442, sitting
25604,440, sitting
25662,441, sitting
25719,443, sitting
25779,443, sitting
25836,446, sitting
25894,446, sitting
25951,444, sitting
26009,440, sitting
26066,436, sitting
26123,437, sitting
26181,444, sitting
26238,440, sitting
26296,436, sitting
26353,443, sitting
26411,439, sitting
26468,433, sitting
26525,434, sitting
26583,435, sitting
26640,433, sitting
26698,436, sitting
26755,444, sitting
26812,440, sitting
26870,445, sitting
26927,438, sitting
26985,434, sitting
27042,432, sitting
27099,434, sitting
27159,432, sitting
27217,392, sitting
27274,434, sitting
27332,430, sitting
27389,429, sitting
27446,420, sitting
27504,420, sitting
27561,426, sitting
27619,428, sitting
27676,427, sitting
27734,430, sitting
27791,433, sitting
27848,431, sitting
27906,429, sitting
27963,429, sitting
28021,423, sitting
28078,431, sitting
28135,431, sitting
28193,433, sitting
28250,430, sitting
28308,430, sitting
28365,428, sitting
28423,426, sitting
28480,428, sitting
28537,429, sitting
28597,432, sitting
28655,431, sitting
28712,431, sitting
28769,431, sitting
28827,427, sitting
28884,424, sitting
28942,421, sitting
28999,424, sitting
29057,428, sitting
29114,428, sitting
29171,425, sitting
29229,422, sitting
29286,415, sitting
29344,416, sitting
29401,416, sitting
29458,416, sitting
29516,418, sitting
29573,418, sitting
29631,421, sitting
29688,419, sitting
29746,416, sitting
29803,412, sitting
29860,412, sitting
29918,412, sitting
29978,415, sitting
0,123, empty
54,123, empty
108,126, empty
163,125, empty
218,122, empty
273,123, empty
328,126, empty
383,125, empty
438,121, empty
493,123, empty
548,126, empty
603,126, empty
658,121, empty
713,123, empty
768,126, empty
823,127, empty
878,125, empty
933,123, empty
988,128, empty
1043,125, empty
1099,120, empty
1155,122, empty
1211,124, empty
1267,127, empty
1323,126, empty
1379,122, empty
1435,122, empty
1491,121, empty
1547,126, empty
1606,124, empty
1662,124, empty
1718,122, empty
1774,122, empty
1830,123, empty
1886,125, empty
1942,126, empty
1998,122, empty
2054,129, empty
2110,124, empty
2166,124, empty
2222,126, empty
2278,123, empty
2334,122, empty
2390,123, empty
2446,126, empty
2502,125, empty
2558,123, empty
2614,121, empty
2670,125, empty
2726,127, empty
2782,126, empty
2838,124, empty
2894,121, empty
2950,121, empty
3006,124, empty
3062,125, empty
3118,122, empty
3177,120, empty
3233,123, empty
3289,125, empty
3345,123, empty
3401,124, empty
3457,120, empty
3513,122, empty
3569,125, empty
3625,126, empty
3681,126, empty
3737,123, empty
3793,122, empty
3849,125, empty
3905,125, empty
3961,124, empty
4017,123, empty
4073,122, empty
4129,123, empty
4185,126, empty
4241,125, empty
4297,121, empty
4353,121, empty
4409,125, empty
4465,127, empty
4521,125, empty
4577,123, empty
4633,123, empty
4689,123, empty
4748,126, empty
4804,127, empty
4860,124, empty
4916,122, empty
4972,123, empty
5028,125, empty
5084,127, empty
5140,124, empty
5196,122, empty
5252,122, empty
5308,126, empty
5364,126, empty
5420,124, empty
5476,123, empty
5532,123, empty
5588,125, empty
5644,127, empty
5700,125, empty
5756,121, empty
5812,121, empty
5868,126, empty
5924,127, empty
5980,125, empty
6036,122, empty
6092,122, empty
6148,125, empty
6204,129, empty
6260,115, empty
6316,122, empty
6375,123, empty
6431,123, empty
6487,126, empty
6543,127, empty
6599,126, empty
6655,121, empty
6711,124, empty
6767,126, empty
6823,126, empty
6879,124, empty
6935,124, empty
6991,124, empty
7047,126, empty
7103,126, empty
7159,125, empty
7215,121, empty
7271,123, empty
7327,124, empty
7383,126, empty
7439,124, empty
7495,122, empty
7551,124, empty
7607,126, empty
7663,127, empty
7719,126, empty
7775,122, empty
7831,122, empty
7887,125, empty
7946,125, empty
8002,126, empty
8058,125, empty
8114,122, empty
8170,122, empty
8226,125, empty
8282,126, empty
8338,126, empty
8394,122, empty
8450,122, empty
8506,125, empty
8562,126, empty
8618,126, empty
8674,122, empty
8730,124, empty
8786,125, empty
8842,127, empty
8898,129, empty
8954,123, empty
9010,123, empty
9066,125, empty
9122,126, empty
9178,125, empty
9234,123, empty
9290,123, empty
9346,126, empty
9402,126, empty
9458,124, empty
9514,123, empty
9573,122, empty
9629,124, empty
9685,125, empty
9741,126, empty
9797,124, empty
9853,122, empty
9909,123, empty
9965,125, empty
10021,127, empty
10078,125, empty
10135,123, empty
10192,123, empty
10249,122, empty
10306,123, empty
10363,127, empty
10420,126, empty
10477,132, empty
10534,122, empty
10591,121, empty
10648,124, empty
10705,125, empty
10762,126, empty
10819,126, empty
10876,119, empty
10933,122, empty
10990,122, empty
11047,125, empty
11107,124, empty
11164,126, empty
11221,127, empty
11278,123, empty
11335,123, empty
11392,123, empty
11449,123, empty
11506,126, empty
11563,126, empty
11620,127, empty
11677,125, empty
11734,123, empty
11791,120, empty
11848,124, empty
11905,126, empty
11962,126, empty
12019,127, empty
12076,124, empty
12133,123, empty
12190,122, empty
12247,124, empty
12304,126, empty
12361,127, empty
12418,124, empty
12475,128, empty
12532,121, empty
12589,121, empty
12649,140, empty
12706,124, empty
12763,127, empty
12820,127, empty
12877,124, empty
12934,122, empty
12991,122, empty
13048,123, empty
13105,125, empty
13162,126, empty
13219,125, empty
13276,125, empty
13333,122, empty
13390,122, empty
13447,125, empty
13504,126, empty
13561,128, empty
13618,129, empty
13675,123, empty
13732,122, empty
13789,123, empty
13846,125, empty
13903,126, empty
13960,128, empty
14017,128, empty
14074,123, empty
14131,122, empty
14191,123, empty
14248,123, empty
14305,125, empty
14362,127, empty
14419,126, empty
14476,127, empty
14533,122, empty
14590,122, empty
14647,124, empty
14704,126, empty
14761,127, empty
14818,126, empty
14875,124, empty
14932,122, empty
14989,122, empty
15046,125, empty
15103,125, empty
15160,127, empty
15217,125, empty
15274,124, empty
15331,128, empty
15388,122, empty
15445,125, empty
15502,127, empty
15559,127, empty
15616,123, empty
15673,123, empty
15733,125, empty
15790,122, empty
15847,124, empty
15904,127, empty
15961,126, empty
16018,126, empty
16075,126, empty
16132,123, empty
16189,121, empty
16246,125, empty
16303,126, empty
16360,126, empty
16417,125, empty
16474,123, empty
16531,117, empty
16588,123, empty
16645,125, empty
16702,127, empty
16759,125, empty
16816,125, empty
16873,123, empty
16930,122, empty
16987,123, empty
17044,126, empty
17101,127, empty
17158,126, empty
17215,125, empty
17275,125, empty
17332,123, empty
17389,124, empty
17446,125, empty
17503,134, empty
17560,127, empty
17617,126, empty
17674,124, empty
17731,136, empty
17788,122, empty
17845,126, empty
17902,126, empty
17959,128, empty
18016,125, empty
18073,122, empty
18130,123, empty
18187,124, empty
18244,125, empty
18301,128, empty
18358,127, empty
18415,125, empty
18472,122, empty
18529,122, empty
18586,125, empty
18643,124, empty
18700,127, empty
18757,127, empty
18817,126, empty
18874,124, empty
18931,123, empty
18988,122, empty
19045,125, empty
19102,139, empty
19159,127, empty
19216,125, empty
19273,115, empty
19330,122, empty
19387,124, empty
19444,125, empty
19501,126, empty
19558,128, empty
19615,125, empty
19672,123, empty
19729,122, empty
19786,124, empty
19843,127, empty
19900,127, empty
19957,133, empty
20014,123, empty
20071,123, empty
20128,124, empty
20185,126, empty
20242,126, empty
20299,127, empty
20359,125, empty
20416,126, empty
20473,136, empty
20530,122, empty
20587,121, empty
20644,126, empty
20701,126, empty
20758,127, empty
20815,124, empty
20872,123, empty
20929,122, empty
20986,123, empty
21043,126, empty
21100,127, empty
21157,128, empty
21214,124, empty
21271,122, empty
21328,122, empty
21385,125, empty
21442,126, empty
21499,127, empty
21556,129, empty
21613,123, empty
21670,122, empty
21727,123, empty
21784,126, empty
21841,127, empty
21901,127, empty
21958,128, empty
22015,126, empty
22072,124, empty
22129,122, empty
22186,124, empty
22243,125, empty
22300,127, empty
22357,126, empty
22414,124, empty
22471,123, empty
22528,124, empty
22585,125, empty
22642,127, empty
22699,127, empty
22756,126, empty
22813,124, empty
22870,122, empty
22927,129, empty
22984,125, empty
23041,126, empty
23098,126, empty
23155,123, empty
23212,123, empty
23269,122, empty
23326,125, empty
23383,125, empty
23443,126, empty
23500,127, empty
23557,121, empty
23614,124, empty
23671,123, empty
23728,122, empty
23785,126, empty
23842,126, empty
23899,127, empty
23956,126, empty
24013,123, empty
24070,122, empty
24127,132, empty
24184,125, empty
24241,127, empty
24298,127, empty
24355,135, empty
24412,123, empty
24469,124, empty
24526,124, empty
24583,124, empty
24640,126, empty
24697,127, empty
24754,126, empty
24811,123, empty
24868,121, empty
24925,124, empty
24985,125, empty
25042,127, empty
25099,127, empty
25156,126, empty
25213,125, empty
25270,122, empty
25327,122, empty
25384,124, empty
25441,126, empty
25498,127, empty
25555,126, empty
25612,124, empty
25669,123, empty
25726,122, empty
25783,125, empty
25840,128, empty
25897,127, empty
25954,126, empty
26011,122, empty
26068,123, empty
26125,123, empty
26182,125, empty
26239,127, empty
26296,127, empty
26353,125, empty
26410,123, empty
26467,124, empty
26527,122, empty
26584,125, empty
26641,123, empty
26698,127, empty
26755,126, empty
26812,124, empty
26869,123, empty
26926,122, empty
26983,126, empty
27040,126, empty
27097,128, empty
27154,126, empty
27211,124, empty
27268,122, empty
27325,124, empty
27382,125, empty
27439,127, empty
27496,127, empty
27553,124, empty
27610,123, empty
27667,123, empty
27724,123, empty
27781,127, empty
27838,127, empty
27895,122, empty
27952,125, empty
28009,123, empty
28069,124, empty
28126,123, empty
28183,126, empty
28240,125, empty
28297,127, empty
28354,127, empty
28411,124, empty
28468,122, empty
28525,124, empty
28582,126, empty
28639,127, empty
28696,127, empty
28753,125, empty
28810,119, empty
28867,123, empty
28924,124, empty
28981,125, empty
29038,127, empty
29095,127, empty
29152,125, empty
29209,123, empty
29266,122, empty
29323,125, empty
29380,126, empty
29437,127, empty
29494,126, empty
29551,125, empty
29611,125, empty
29668,122, empty
29725,124, empty
29782,125, empty
29839,128, empty
29896,127, empty
29953,125, empty
0,1023, sitting
55,1023, sitting
110,1023, sitting
166,1023, sitting
222,1023, sitting
278,1015, sitting
334,223, sitting
389,0, sitting
442,86, empty
496,0, sitting
549,0, sitting
602,0, sitting
655,142, empty
710,660, sitting
765,852, sitting
820,888, sitting
875,878, sitting
930,993, sitting
985,1023, sitting
1041,1023, sitting
1098,1023, sitting
1155,1023, sitting
1212,1023, sitting
1269,1023, sitting
1326,1023, sitting
1384,1022, sitting
1444,1023, sitting
1501,1004, sitting
1558,1006, sitting
1615,1023, sitting
1672,1023, sitting
1729,1023, sitting
1786,1023, sitting
1843,1023, sitting
1900,1023, sitting
1957,1023, sitting
2014,1023, sitting
2071,1023, sitting
2128,1020, sitting
2185,1014, sitting
2242,993, sitting
2298,985, sitting
2354,980, sitting
2410,982, sitting
2466,968, sitting
2522,971, sitting
2578,970, sitting
2634,969, sitting
2690,954, sitting
2746,946, sitting
2802,941, sitting
2861,936, sitting
2917,932, sitting
2973,932, sitting
3029,933, sitting
3085,929, sitting
3141,935, sitting
3197,945, sitting
3253,937, sitting
3309,932, sitting
3365,925, sitting
3421,936, sitting
3477,937, sitting
3533,931, sitting
3589,929, sitting
3645,928, sitting
3701,936, sitting
3757,943, sitting
3813,945, sitting
3869,940, sitting
3925,927, sitting
3981,935, sitting
4037,934, sitting
4093,931, sitting
4149,928, sitting
4205,924, sitting
4264,928, sitting
4320,926, sitting
4376,931, sitting
4432,928, sitting
4488,913, sitting
4544,908, sitting
4600,906, sitting
4656,904, sitting
4712,900, sitting
4768,889, sitting
4824,891, sitting
4880,891, sitting
4936,887, sitting
4992,895, sitting
5048,885, sitting
5104,887, sitting
5160,888, sitting
5216,890, sitting
5272,886, sitting
5328,880, sitting
5384,875, sitting
5440,885, sitting
5496,880, sitting
5552,880, sitting
5608,872, sitting
5664,874, sitting
5723,871, sitting
5779,867, sitting
5835,880, sitting
5891,861, sitting
5947,857, sitting
6003,870, sitting
6059,858, sitting
6115,864, sitting
6171,862, sitting
6227,857, sitting
6283,853, sitting
6339,864, sitting
6395,860, sitting
6451,852, sitting
6507,851, sitting
6563,840, sitting
6619,849, sitting
6675,852, sitting
6731,856, sitting
6787,858, sitting
6843,857, sitting
6899,865, sitting
6955,867, sitting
7011,867, sitting
7067,849, sitting
7126,843, sitting
7182,844, sitting
7238,915, sitting
7294,1019, sitting
7351,1023, sitting
7408,1023, sitting
7465,1023, sitting
7522,1023, sitting
7579,920, sitting
7635,838, sitting
7691,773, sitting
7747,691, sitting
7803,610, sitting
7859,556, sitting
7915,527, sitting
7971,513, sitting
8027,493, sitting
8083,468, sitting
8139,504, sitting
8195,592, sitting
8251,681, sitting
8307,755, sitting
8363,802, sitting
8419,702, sitting
8475,668, sitting
8531,737, sitting
8590,799, sitting
8646,815, sitting
8702,747, sitting
8758,845, sitting
8814,948, sitting
8870,1023, sitting
8927,1023, sitting
8984,1023, sitting
9041,1023, sitting
9098,1023, sitting
9155,1023, sitting
9212,1023, sitting
9269,1023, sitting
9326,1023, sitting
9383,1023, sitting
9440,1023, sitting
9497,1023, sitting
9554,1023, sitting
9611,1019, sitting
9668,1023, sitting
9725,995, sitting
9781,942, sitting
9837,939, sitting
9893,977, sitting
9949,1002, sitting
10009,998, sitting
10066,1010, sitting
10124,1012, sitting
10182,1015, sitting
10241,982, sitting
10298,973, sitting
10355,996, sitting
10412,992, sitting
10469,973, sitting
10526,997, sitting
10583,978, sitting
10640,944, sitting
10697,872, sitting
10754,926, sitting
10811,956, sitting
10868,952, sitting
10925,918, sitting
10982,840, sitting
11039,825, sitting
11096,838, sitting
11153,821, sitting
11210,809, sitting
11267,807, sitting
11324,816, sitting
11384,818, sitting
11441,821, sitting
11498,815, sitting
11555,806, sitting
11612,785, sitting
11669,789, sitting
11726,791, sitting
11783,783, sitting
11840,780, sitting
11897,779, sitting
11954,782, sitting
12011,768, sitting
12068,763, sitting
12125,755, sitting
12182,745, sitting
12239,734, sitting
12296,724, sitting
12353,718, sitting
12410,722, sitting
12467,721, sitting
12524,718, sitting
12581,712, sitting
12638,707, sitting
12695,709, sitting
12755,710, sitting
12812,705, sitting
12869,703, sitting
12926,702, sitting
12983,699, sitting
13040,696, sitting
13097,686, sitting
13154,678, sitting
13211,679, sitting
13268,682, sitting
13325,679, sitting
13382,677, sitting
13439,677, sitting
13496,671, sitting
13553,678, sitting
13610,683, sitting
13667,678, sitting
13724,679, sitting
13781,684, sitting
13838,678, sitting
13895,673, sitting
13952,668, sitting
14009,671, sitting
14066,675, sitting
14123,673, sitting
14183,665, sitting
14240,664, sitting
14297,660, sitting
14354,664, sitting
14411,663, sitting
14468,660, sitting
14525,664, sitting
14582,661, sitting
14639,667, sitting
14696,660, sitting
14753,646, sitting
14810,653, sitting
14867,657, sitting
14924,660, sitting
14981,650, sitting
15038,649, sitting
15095,655, sitting
15152,642, sitting
15209,641, sitting
15266,646, sitting
15323,639, sitting
15380,639, sitting
15437,643, sitting
15494,641, sitting
15554,635, sitting
15611,636, sitting
15668,629, sitting
15725,630, sitting
15782,630, sitting
15839,631, sitting
15896,624, sitting
15953,632, sitting
16010,638, sitting
16067,649, sitting
16124,651, sitting
16181,664, sitting
16238,667, sitting
16295,660, sitting
16352,652, sitting
16409,650, sitting
16466,652, sitting
16523,646, sitting
16580,648, sitting
16637,648, sitting
16694,649, sitting
16751,652, sitting
16808,645, sitting
16865,643, sitting
16925,654, sitting
16982,655, sitting
17039,651, sitting
17096,647, sitting
17153,643, sitting
17210,639, sitting
17267,638, sitting
17324,645, sitting
17381,640, sitting
17438,637, sitting
17495,646, sitting
17552,640, sitting
17609,633, sitting
17666,642, sitting
17723,645, sitting
17780,647, sitting
17837,634, sitting
17894,638, sitting
17951,637, sitting
18008,630, sitting
18065,632, sitting
18122,628, sitting
18179,630, sitting
18236,633, sitting
18293,628, sitting
18353,623, sitting
18410,615, sitting
18467,616, sitting
18524,630, sitting
18581,618, sitting
18638,610, sitting
18695,607, sitting
18752,610, sitting
18809,603, sitting
18866,599, sitting
18923,607, sitting
18980,613, sitting
19037,614, sitting
19094,619, sitting
19151,638, sitting
19208,610, sitting
19265,613, sitting
19322,613, sitting
19379,611, sitting
19436,607, sitting
19493,611, sitting
19550,610, sitting
19607,600, sitting
19664,607, sitting
19724,599, sitting
19781,607, sitting
19838,609, sitting
19895,610, sitting
19952,610, sitting
20009,609, sitting
20066,605, sitting
20123,608, sitting
20180,615, sitting
20237,608, sitting
20294,612, sitting
20351,601, sitting
20408,594, sitting
20465,591, sitting
20522,592, sitting
20579,597, sitting
20636,598, sitting
20693,595, sitting
20750,597, sitting
20807,593, sitting
20864,591, sitting
20921,589, sitting
20978,584, sitting
21035,590, sitting
21092,589, sitting
21147,585, sitting
21204,579, sitting
21261,584, sitting
21318,587, sitting
21375,590, sitting
21432,597, sitting
21489,593, sitting
21546,589, sitting
21603,595, sitting
21660,587, sitting
21717,588, sitting
21774,593, sitting
21831,586, sitting
21888,578, sitting
21945,581, sitting
22002,580, sitting
22059,580, sitting
22116,577, sitting
22173,586, sitting
22230,585, sitting
22287,583, sitting
22344,584, sitting
22401,581, sitting
22458,580, sitting
22518,546, sitting
22575,588, sitting
22632,588, sitting
22689,581, sitting
22746,578, sitting
22803,576, sitting
22860,572, sitting
22917,575, sitting
22974,574, sitting
23031,576, sitting
23088,573, sitting
23145,576, sitting
23202,571, sitting
23259,577, sitting
23316,575, sitting
23373,574, sitting
23430,570, sitting
23487,566, sitting
23544,567, sitting
23601,567, sitting
23658,568, sitting
23715,561, sitting
23772,553, sitting
23829,559, sitting
23889,513, sitting
23946,505, sitting
24003,506, sitting
24060,511, sitting
24117,522, sitting
24174,539, sitting
24231,541, sitting
24288,535, sitting
24345,529, sitting
24402,519, sitting
24459,511, sitting
24516,510, sitting
24573,532, sitting
24630,517, sitting
24687,517, sitting
24744,518, sitting
24801,519, sitting
24858,523, sitting
24915,527, sitting
24972,523, sitting
25029,522, sitting
25086,517, sitting
25143,510, sitting
25200,503, sitting
25257,504, sitting
25317,499, sitting
25374,496, sitting
25431,503, sitting
25488,509, sitting
25545,511, sitting
25602,502, sitting
25659,502, sitting
25716,505, sitting
25773,511, sitting
25830,512, sitting
25887,513, sitting
25944,508, sitting
26001,502, sitting
26058,505, sitting
26115,482, sitting
26172,483, sitting
26229,477, sitting
26286,500, sitting
26343,503, sitting
26401,487, sitting
26458,457, sitting
26515,434, sitting
26572,454, sitting
26629,475, sitting
26779,446, sitting
26836,448, sitting
26893,451, sitting
26950,438, sitting
27007,438, sitting
27064,433, sitting
27121,421, sitting
27178,410, sitting
27235,413, sitting
27292,412, sitting
27349,421, sitting
27406,431, sitting
27463,441, sitting
27520,464, sitting
27577,468, sitting
27634,481, sitting
27691,508, sitting
27748,537, sitting
27805,562, sitting
27862,594, sitting
27919,607, sitting
27976,653, sitting
28033,677, sitting
28090,691, sitting
28150,683, sitting
28207,654, sitting
28264,625, sitting
28321,596, sitting
28378,577, sitting
28435,560, sitting
28492,569, sitting
28549,558, sitting
28606,541, sitting
28663,525, sitting
28720,470, sitting
28777,376, sitting
28834,363, sitting
28891,442, sitting
28948,518, sitting
29005,518, sitting
29062,520, sitting
29119,521, sitting
29176,510, sitting
29233,501, sitting
29290,497, sitting
29347,484, sitting
29404,476, sitting
29461,470, sitting
29518,451, sitting
29578,459, sitting
29635,450, sitting
29692,448, sitting
29749,452, sitting
29806,448, sitting
29863,448, sitting
29920,442, sitting
29977,441, sitting
